<?xml version="1.0" encoding="UTF-8"?>
<!DOCTYPE ModelComposition PUBLIC " " "https://raw.githubusercontent.com/AgriculturalModelExchangeInitiative/crop2ml/master/ModelComposition.dtd">
<ModelComposition name="SoilTemperature" id="Crop2ML.SQ_Soil_Temperature.SoilTemperature" version="001" timestep="1">
    <Description>
        <Title>SoilTemperature model</Title>
        <Authors>loic.manceau@inra.fr</Authors>
        <Institution>INRA</Institution>
        <Reference>(&apos;http://biomamodelling.org&apos;,)</Reference>
        <ExtendedDescription>Composite Class for soil temperature</ExtendedDescription>
        <ShortDescription></ShortDescription></Description>
    <Composition>
        <Model name="CalculateSoilTemperature" id="Crop2ML.SQ_Soil_Temperature.CalculateSoilTemperature" filename="unit.CalculateSoilTemperature.xml"/>
        <Model name="CalculateHourlySoilTemperature" id="Crop2ML.SQ_Soil_Temperature.CalculateHourlySoilTemperature" filename="unit.CalculateHourlySoilTemperature.xml"/>
        <Links>
            <InputLink target="CalculateSoilTemperature.deepLayerT" source="deepLayerT"/>
            <InputLink target="CalculateSoilTemperature.lambda_" source="lambda_"/>
            <InputLink target="CalculateSoilTemperature.heatFlux" source="heatFlux"/>
            <InputLink target="CalculateSoilTemperature.meanTAir" source="meanTAir"/>
            <InputLink target="CalculateSoilTemperature.minTAir" source="minTAir"/>
            <InputLink target="CalculateSoilTemperature.maxTAir" source="maxTAir"/>
            <InputLink target="CalculateHourlySoilTemperature.a" source="a"/>
            <InputLink target="CalculateHourlySoilTemperature.b" source="b"/>
            <InputLink target="CalculateHourlySoilTemperature.c" source="c"/>
            <InputLink target="CalculateHourlySoilTemperature.dayLength" source="dayLength"/>
            <InternalLink target="CalculateHourlySoilTemperature.maxTSoil" source="CalculateSoilTemperature.maxTSoil"/>
            <InternalLink target="CalculateHourlySoilTemperature.minTSoil" source="CalculateSoilTemperature.minTSoil"/>
            <OutputLink target="deepLayerT_t1" source="CalculateSoilTemperature.deepLayerT_t1"/>
            <OutputLink target="maxTSoil" source="CalculateSoilTemperature.maxTSoil"/>
            <OutputLink target="minTSoil" source="CalculateSoilTemperature.minTSoil"/>
            <OutputLink target="hourlySoilT" source="CalculateHourlySoilTemperature.hourlySoilT"/></Links></Composition></ModelComposition>