<?xml version="1.0" encoding="UTF-8"?>
<!DOCTYPE ModelUnit PUBLIC " " "https://raw.githubusercontent.com/AgriculturalModelExchangeInitiative/crop2ml/master/ModelUnit.dtd">
<ModelUnit modelid="Crop2ML.SQ_Soil_Temperature.CalculateHourlySoilTemperature" name="CalculateHourlySoilTemperature" timestep="1" version="001">
    <Description>
        <Title>CalculateHourlySoilTemperature model</Title>
        <Authors>loic.manceau@inra.fr</Authors>
        <Institution>INRA</Institution>
        <URI>http://biomamodelling.org</URI>
        <Reference>(&apos;http://biomamodelling.org&apos;,)</Reference>
        <ExtendedDescription>Calculate Soil temperature on a hourly basis.Parton, W.J. and Logan, J.A., 1981. A model for diurnal variation in soil and air temperature. Agric. Meteorol., 23: 205-216</ExtendedDescription>
        <ShortDescription></ShortDescription></Description>
    <Inputs>
        <Input name="c" description="Nighttime temperature coefficient" inputtype="parameter" parametercategory="constant" datatype="DOUBLE" max="10" min="0" default="0.49" unit="Dpmensionless"/>
        <Input name="dayLength" description="Length of the day" inputtype="variable" variablecategory="exogenous" datatype="DOUBLE" max="24" min="0" default="12" unit="hour"/>
        <Input name="maxTSoil" description="Maximum Soil Temperature" inputtype="variable" variablecategory="state" datatype="DOUBLE" max="80" min="-30" default="20" unit="°C"/>
        <Input name="b" description="Delay between sunrise and time when minimum temperature is reached" inputtype="parameter" parametercategory="constant" datatype="DOUBLE" max="10" min="0" default="1.81" unit="Hour"/>
        <Input name="a" description="Delay between sunset and time when maximum temperature is reached" inputtype="parameter" parametercategory="constant" datatype="DOUBLE" max="10" min="0" default="0.5" unit="Hour"/>
        <Input name="minTSoil" description="Minimum Soil Temperature" inputtype="variable" variablecategory="state" datatype="DOUBLE" max="80" min="-30" default="20" unit="°C"/></Inputs>
    <Outputs>
        <Output name="hourlySoilT" description="Hourly Soil Temperature" datatype="DOUBLEARRAY" variablecategory="state" len="24" max="80" min="-30" unit="°C"/></Outputs>
    <Function name="getHourlySoilSurfaceTemperature" description="" language="cyml" type="external" filename="algo/pyx/getHourlySoilSurfaceTemperature.pyx"/>
    <Algorithm language="cyml" platform="" filename="algo/pyx/CalculateHourlySoilTemperature.pyx"/>
    <Parametersets/>
    <Testsets/></ModelUnit>